YYYY-MMM,KWH
2014-Jan,8558067.13414949
2014-Feb,6898239.22988356
2014-Mar,6590183.99208209
2014-Apr,6582156.47569129
2014-May,6649562.59846908
2014-Jun,7174538.63651383
2014-Jul,7582345.42177717
2014-Aug,7486346.31690135
2014-Sep,7064148.00169633
2014-Oct,6524713.5181984
2014-Nov,6533602.06816201
2014-Dec,7247376.80303545
